{
	"pattrstorage" : 	{
		"name" : "1synPreset",
		"slots" : 		{
			"1" : 			{
				"id" : 1,
				"name" : "init",
				"data" : 				{
					"Attack" : [ 2000.0 ],
					"Decay" : [ 535.43304443359375 ],
					"Decay2" : [ 2000.0 ],
					"Flutter" : [ 0.614173233509064 ],
					"Low_partial" : [ 12.0 ],
					"MOD_IDX" : [ 15.631262525050101 ],
					"MOD_IDX2" : [ 0.0 ],
					"MOD_IDX3" : [ 0.000714285714286 ],
					"Midicents" : [ 322.0 ],
					"Outgain" : [ 1.103485048243788 ],
					"Partials" : [ 17.0 ],
					"Release" : [ 2000.0 ],
					"Sustain" : [ 0.787401556968689 ],
					"Sustain2" : [ 0.779527544975281 ],
					"aleamix" : [ 1 ],
					"arpeggiator" : [ 2 ],
					"carrier" : [ 0 ],
					"dens" : [ 0.0 ],
					"env_length" : [ 2363.0 ],
					"from-iana" : [ 0 ],
					"nodes" : [ 0.465021722926927, 0.1125, 0.51, 1, 0.885021722926926, 0.8425, 0.95, 1, 0.185021722926926, 0.8025, 0.58, 1 ],
					"notesgenerator" : [ 4 ],
					"on" : [ 1 ],
					"speed" : [ 97.9527587890625 ]
				}

			}
,
			"2" : 			{
				"id" : 2,
				"name" : "spectral",
				"data" : 				{
					"Attack" : [ 2000.0 ],
					"Decay" : [ 535.43304443359375 ],
					"Decay2" : [ 2000.0 ],
					"Flutter" : [ 0.543307086614174 ],
					"Low_partial" : [ 4.000000000000002 ],
					"MOD_IDX" : [ 15.631262525050101 ],
					"MOD_IDX2" : [ 0.0 ],
					"MOD_IDX3" : [ 0.000714285714286 ],
					"Midicents" : [ 25.0 ],
					"Outgain" : [ 1.103485048243788 ],
					"Partials" : [ 0.0 ],
					"Release" : [ 2000.0 ],
					"Sustain" : [ 0.787401556968689 ],
					"Sustain2" : [ 0.779527544975281 ],
					"aleamix" : [ 1 ],
					"arpeggiator" : [ 1 ],
					"carrier" : [ 1 ],
					"dens" : [ 0.0 ],
					"env_length" : [ 100.0 ],
					"from-iana" : [ 0 ],
					"nodes" : [ 0.465021722926927, 0.1125, 0.51, 1, 0.885021722926926, 0.8425, 0.95, 1, 0.185021722926926, 0.8025, 0.58, 1 ],
					"notesgenerator" : [ 1 ],
					"on" : [ 1 ],
					"speed" : [ 20.0 ]
				}

			}
,
			"3" : 			{
				"id" : 3,
				"name" : "modulation",
				"data" : 				{
					"Attack" : [ 2000.0 ],
					"Decay" : [ 535.43304443359375 ],
					"Decay2" : [ 2000.0 ],
					"Flutter" : [ 0.614173233509064 ],
					"Low_partial" : [ 12.0 ],
					"MOD_IDX" : [ 54.108216432865738 ],
					"MOD_IDX2" : [ 0.990798159631926 ],
					"MOD_IDX3" : [ 0.01 ],
					"Midicents" : [ 322.0 ],
					"Outgain" : [ 1.103485048243788 ],
					"Partials" : [ 17.0 ],
					"Release" : [ 2000.0 ],
					"Sustain" : [ 0.787401556968689 ],
					"Sustain2" : [ 0.779527544975281 ],
					"aleamix" : [ 1 ],
					"arpeggiator" : [ 2 ],
					"carrier" : [ 1 ],
					"dens" : [ 0.0 ],
					"env_length" : [ 2363.0 ],
					"from-iana" : [ 0 ],
					"nodes" : [ 0.465021722926927, 0.1125, 0.51, 1, 0.885021722926926, 0.8425, 0.95, 1, 0.185021722926926, 0.8025, 0.58, 1 ],
					"notesgenerator" : [ 4 ],
					"on" : [ 1 ],
					"speed" : [ 97.9527587890625 ]
				}

			}
,
			"4" : 			{
				"id" : 4,
				"name" : "mod2",
				"data" : 				{
					"Attack" : [ 0.0 ],
					"Decay" : [ 535.43304443359375 ],
					"Decay2" : [ 2000.0 ],
					"Flutter" : [ 0.614173233509064 ],
					"Low_partial" : [ 12.0 ],
					"MOD_IDX" : [ 54.108216432865738 ],
					"MOD_IDX2" : [ 0.990798159631926 ],
					"MOD_IDX3" : [ 0.01 ],
					"Midicents" : [ 322.0 ],
					"Outgain" : [ 1.103485048243788 ],
					"Partials" : [ 17.0 ],
					"Release" : [ 0.0 ],
					"Sustain" : [ 0.0 ],
					"Sustain2" : [ 0.779527544975281 ],
					"aleamix" : [ 1 ],
					"arpeggiator" : [ 2 ],
					"carrier" : [ 0 ],
					"dens" : [ 0.0 ],
					"env_length" : [ 4000.0 ],
					"from-iana" : [ 0 ],
					"nodes" : [ 0.465021722926927, 0.1125, 0.51, 1, 0.885021722926926, 0.8425, 0.95, 1, 0.185021722926926, 0.8025, 0.58, 1 ],
					"notesgenerator" : [ 4 ],
					"on" : [ 1 ],
					"speed" : [ 97.9527587890625 ]
				}

			}

		}

	}

}
